text,label
"The candidate demonstrated excellent learning agility by quickly mastering necessary skills in graphic design and marketing under a tight deadline. This adaptability directly contributed to the team's success and exceeded typical expectations.",positive
"The candidate showed strong flexibility by stepping into the marketing director's role on short notice, rapidly adapting to new responsibilities.",positive
"The candidate maintained composure under high pressure, delivering a clear and effective presentation that impressed the interview panel.",positive
"While the candidate has potential, they occasionally struggle with time management and require external guidance to complete tasks.",neutral
"The candidate admits to not being the best at learning new concepts quickly, but shows promise with additional support.",neutral
"The candidate provided an adequate performance, demonstrating both strengths and areas for improvement in their approach.",neutral
"The candidate consistently failed to meet deadlines and required excessive assistance, reflecting a lack of independent problem-solving skills.",negative
"The candidate's repeated mistakes and inability to grasp key concepts led to significant underperformance during the interview.",negative
"The candidate's lack of initiative and failure to adapt to new challenges resulted in a disappointing overall performance.",negative
"The candidate demonstrated exceptional communication skills during the interview, articulating ideas clearly and confidently.",positive
"The candidate showcased strong analytical abilities by solving complex problems with innovative solutions.",positive
"The candidate exhibited impressive leadership qualities, taking initiative and guiding the discussion effectively.",positive
"The candidate's responses were well-structured and insightful, reflecting thorough preparation and deep understanding.",positive
"The candidate showed remarkable adaptability by quickly grasping new concepts during the interview.",positive
"The candidate maintained a positive demeanor throughout the interview, displaying resilience and determination.",positive
"The candidate effectively balanced technical expertise with interpersonal skills, making a strong overall impression.",positive
"The candidate demonstrated a high level of enthusiasm and passion for the role, which was very encouraging.",positive
"The candidate's problem-solving approach was creative and well-thought-out, clearly aligning with our expectations.",positive
"The candidate showed a proactive mindset by discussing potential improvements and innovative ideas for our team.",positive
"The candidate's technical expertise was evident, and they communicated complex ideas in an accessible manner.",positive
"The candidate impressed with their depth of industry knowledge and the ability to relate it to practical scenarios.",positive
"The candidate exhibited exceptional professionalism and a strong commitment to continuous learning.",positive
"The candidate's positive energy and constructive attitude were evident throughout the interview.",positive
"The candidate demonstrated an impressive track record of success in previous roles, which instilled confidence in their abilities.",positive
"The candidate communicated ideas clearly and concisely, making their answers both insightful and engaging.",positive
"The candidate showed great enthusiasm for the role and a strong desire to contribute to the company’s success.",positive
"The candidate displayed excellent teamwork skills, emphasizing collaboration and mutual growth.",positive
"The candidate's preparation and detailed responses indicated a high level of dedication and commitment.",positive
"The candidate exhibited excellent time management skills and the ability to prioritize tasks effectively.",positive
"The candidate's innovative approach to problem-solving impressed the interview panel.",positive
"The candidate provided clear examples of past successes, demonstrating a consistent record of achievement.",positive
"The candidate's ability to think critically under pressure was evident and highly commendable.",positive
"The candidate's strong interpersonal skills and confident delivery set them apart from other applicants.",positive
"The candidate's responses were both insightful and forward-thinking, aligning with our strategic goals.",positive
"The candidate showed clear motivation and determination, promising a bright future in our organization.",positive
"The candidate demonstrated remarkable creative thinking, offering fresh perspectives during discussions.",positive
"The candidate's enthusiasm for learning and self-improvement was clearly evident in their responses.",positive
"The candidate exhibited excellent listening skills and responded thoughtfully to all questions.",positive
"The candidate impressed with their ability to relate technical concepts to real-world applications.",positive
"The candidate presented well-structured answers that highlighted both their skills and experience.",positive
"The candidate's articulate responses and positive demeanor made for a very engaging interview.",positive
"The candidate showed great potential for leadership and innovation in our industry.",positive
"The candidate's excellent analytical skills were evident in their detailed problem-solving approach.",positive
"The candidate provided strong examples of past successes, which reinforced their fit for the role.",positive
"The candidate's passion for the field was palpable and matched the company’s vision.",positive
"The candidate demonstrated the ability to adapt quickly and thrive in a fast-paced environment.",positive
"The candidate's clear vision and well-articulated goals impressed the interview panel.",positive
"The candidate exhibited strong technical knowledge paired with an engaging personality.",positive
"The candidate's confident presentation skills and in-depth industry insights were highly impressive.",positive
"The candidate showed an excellent blend of technical expertise and creative problem-solving.",positive
"The candidate's proactive attitude and commitment to excellence were clearly evident.",positive
"The candidate displayed a comprehensive understanding of the role and its challenges.",positive
"The candidate's positive outlook and strategic thinking indicate strong potential for growth.",positive
"The candidate was articulate, confident, and provided thoughtful responses throughout the interview.",positive
"The candidate's innovative ideas and clear communication skills were very impressive.",positive
"The candidate exhibited a passion for continuous learning and professional development.",positive
"The candidate impressed the panel with their detailed examples of past project successes.",positive
"The candidate's ability to break down complex problems into manageable steps was remarkable.",positive
"The candidate demonstrated exceptional competence and a results-driven mindset throughout the interview.",positive
"The candidate provided an average performance with a mix of strengths and weaknesses during the interview.",neutral
"The candidate's responses were adequate but lacked a distinct emphasis on innovation or creativity.",neutral
"The candidate showed a standard level of preparation, though some answers could have been more detailed.",neutral
"The candidate demonstrated a moderate understanding of the role, with room for further clarification.",neutral
"The candidate's feedback was neither overly enthusiastic nor notably critical, reflecting an average performance.",neutral
"The candidate provided a balanced set of responses, with some areas of strength and some that require improvement.",neutral
"The candidate's performance was satisfactory, though their delivery could be enhanced with more detailed examples.",neutral
"The candidate offered responses that were acceptable but did not stand out as particularly strong.",neutral
"The candidate showed an adequate grasp of the subject matter, with a few responses needing further elaboration.",neutral
"The candidate's performance was consistent, though not exceptionally remarkable in any specific area.",neutral
"The candidate provided clear answers, but the level of insight was moderate and unexceptional.",neutral
"The candidate's responses met basic expectations, though they did not exhibit extra initiative.",neutral
"The candidate's performance was balanced, showing both strengths and areas that require further development.",neutral
"The candidate gave satisfactory answers, though some details were somewhat generic.",neutral
"The candidate demonstrated an acceptable level of understanding, with responses that were neither exceptional nor poor.",neutral
"The candidate’s interview performance was average, with a mix of competent and unclear answers.",neutral
"The candidate’s responses were acceptable, but there was little evidence of outstanding expertise.",neutral
"The candidate demonstrated a standard level of proficiency, meeting the basic requirements of the role.",neutral
"The candidate's overall performance was moderate, showing both potential and limitations.",neutral
"The candidate provided answers that were clear but not particularly inspiring or innovative.",neutral
"The candidate's performance was steady, though it did not significantly exceed baseline expectations.",neutral
"The candidate delivered responses that were understandable, albeit with limited elaboration.",neutral
"The candidate's responses indicated a fair understanding of the role, though more depth would be beneficial.",neutral
"The candidate's interview performance was passable, with neither notable strengths nor glaring weaknesses.",neutral
"The candidate's answers were concise and to the point, reflecting an average performance overall.",neutral
"The candidate demonstrated a reasonable grasp of the necessary skills, though their delivery was somewhat flat.",neutral
"The candidate's responses were balanced, neither overly positive nor particularly negative.",neutral
"The candidate provided feedback that met expectations but lacked extra depth or detail.",neutral
"The candidate's performance was moderate, with clear answers but few standout moments.",neutral
"The candidate delivered a typical interview performance with adequate, though unremarkable, responses.",neutral
"The candidate showed a fair level of competency, but their answers did not display exceptional insight.",neutral
"The candidate's responses were evenly balanced, offering both strengths and areas for further clarification.",neutral
"The candidate's performance was acceptable, though there was little evidence of going above and beyond.",neutral
"The candidate provided average-level feedback, meeting standard expectations without additional flair.",neutral
"The candidate's responses were clear and consistent, reflecting a typical performance for the role.",neutral
"The candidate offered a balanced view of their skills, with both commendable and improvable aspects.",neutral
"The candidate's interview was steady, with neither remarkable achievements nor significant shortcomings.",neutral
"The candidate provided responses that were informative yet lacked the depth of more memorable answers.",neutral
"The candidate demonstrated a basic understanding of the role, with performance that was neither outstanding nor poor.",neutral
"The candidate's answers were adequate, reflecting an average level of preparation and insight.",neutral
"The candidate delivered responses that were acceptable, with room for more detailed follow-up answers.",neutral
"The candidate's performance was moderately effective, meeting expectations without exceeding them.",neutral
"The candidate's responses showed a balanced level of competence, though further detail could improve clarity.",neutral
"The candidate provided a straightforward performance with clear, if unremarkable, answers.",neutral
"The candidate demonstrated a middle-of-the-road approach, meeting requirements without exceptional flair.",neutral
"The candidate's interview responses were fair and balanced, representing an average performance.",neutral
"The candidate delivered answers that were sufficient but did not highlight any exceptional strengths.",neutral
"The candidate's performance was consistently average, meeting the role's needs in a standard manner.",neutral
"The candidate showed a standard level of competency, with answers that were clear but not particularly inspiring.",neutral
"The candidate provided a balanced performance that met expectations without any striking highlights.",neutral
"The candidate consistently failed to provide clear answers, indicating a lack of preparation for the interview.",negative
"The candidate's responses were vague and unconvincing, reflecting a poor grasp of the necessary concepts.",negative
"The candidate struggled to articulate their thoughts and demonstrated significant weaknesses in key areas.",negative
"The candidate's performance was disappointing, as they were unable to effectively communicate their skills.",negative
"The candidate repeatedly missed the mark on answering technical questions, raising concerns about their competency.",negative
"The candidate's inability to address simple problems during the interview was a major drawback.",negative
"The candidate failed to demonstrate the required level of expertise, resulting in an underwhelming performance.",negative
"The candidate's lack of initiative and frequent pauses during responses led to a negative impression.",negative
"The candidate provided inconsistent and confusing answers, leaving many questions unanswered.",negative
"The candidate's performance was marred by repeated mistakes and a clear lack of preparation.",negative
"The candidate showed little understanding of the role, failing to connect their experience with job requirements.",negative
"The candidate's unpreparedness was evident in their inability to answer even basic questions.",negative
"The candidate consistently demonstrated poor judgment in their responses throughout the interview.",negative
"The candidate's responses lacked depth and failed to impress the interview panel.",negative
"The candidate's underperformance and inability to justify their claims were major concerns.",negative
"The candidate's interview revealed significant gaps in their technical knowledge and problem-solving skills.",negative
"The candidate's responses were weak and failed to meet the minimum standards expected for the role.",negative
"The candidate's performance was marked by a lack of clarity and an inability to think on their feet.",negative
"The candidate's responses were disjointed and left the panel with serious doubts about their capabilities.",negative
"The candidate demonstrated a concerning lack of preparation, resulting in several incorrect answers.",negative
"The candidate's inability to articulate relevant examples made their performance unconvincing.",negative
"The candidate failed to provide concrete examples of past successes, which negatively impacted their evaluation.",negative
"The candidate's performance was subpar, with responses that were both vague and poorly structured.",negative
"The candidate struggled to explain even basic concepts, indicating a significant skills gap.",negative
"The candidate's interview responses were unsatisfactory, lacking both detail and coherence.",negative
"The candidate's performance was disappointing, with an evident lack of enthusiasm and effort.",negative
"The candidate failed to demonstrate any practical knowledge relevant to the role.",negative
"The candidate's inability to address key challenges during the interview was a major concern.",negative
"The candidate repeatedly gave contradictory answers, leading to confusion about their true expertise.",negative
"The candidate's performance was below expectations, with several instances of unclear communication.",negative
"The candidate showed a lack of engagement and preparedness throughout the interview process.",negative
"The candidate's responses were superficial and did not provide any meaningful insights.",negative
"The candidate struggled to meet the basic criteria for the role, which was a significant drawback.",negative
"The candidate's inability to back up their claims with solid examples raised serious doubts about their skills.",negative
"The candidate failed to deliver coherent answers, leaving the panel unconvinced of their competence.",negative
"The candidate's performance was marked by repeated errors and a lack of attention to detail.",negative
"The candidate was unable to clearly explain their past experiences, which negatively impacted their evaluation.",negative
"The candidate's overall performance was poor, with limited evidence of the required skills for the role.",negative
"The candidate's responses were riddled with inaccuracies and failed to impress the interviewers.",negative
"The candidate demonstrated a significant lack of readiness for the interview, resulting in unsatisfactory answers.",negative
"The candidate's performance fell short of expectations, with a notable absence of critical problem-solving skills.",negative
"The candidate's interview was characterized by hesitancy and a failure to articulate their ideas effectively.",negative
"The candidate's responses were muddled and lacked the clarity needed to evaluate their capabilities.",negative
"The candidate showed little evidence of the competencies required for the role, leading to a poor evaluation.",negative
"The candidate's performance was marred by uncertainty and an inability to respond to probing questions.",negative
"The candidate failed to demonstrate the necessary technical and interpersonal skills for the position.",negative
"The candidate's lack of depth in their responses was a significant detractor from their overall performance.",negative
"The candidate's interview responses were unconvincing and lacked the detail needed to assess their expertise.",negative
"The candidate did not meet the fundamental expectations of the role, as shown by their unsatisfactory responses.",negative
"The candidate's performance was notably weak, with a clear failure to communicate their skills effectively.",negative
"The candidate exhibited strong problem-solving abilities and consistently provided insightful answers throughout the interview.",positive
"The candidate’s enthusiastic approach and confident delivery impressed the panel.",positive
"The candidate clearly articulated their experience and demonstrated exceptional technical knowledge.",positive
"The candidate’s proactive approach and innovative ideas were highly commendable.",positive
"The candidate effectively communicated complex concepts with clarity and precision.",positive
"The candidate’s thorough preparation and well-organized responses reflected a high level of professionalism.",positive
"The candidate showcased an impressive blend of technical expertise and soft skills.",positive
"The candidate demonstrated adaptability by seamlessly transitioning between different topics.",positive
"The candidate's confident and engaging presentation style made a strong impression.",positive
"The candidate's detailed examples of past achievements were both relevant and impressive.",positive
"The candidate displayed strong leadership potential and a clear vision for growth.",positive
"The candidate’s responses were insightful and aligned well with our organizational values.",positive
"The candidate impressed the interview panel with their clear understanding of industry trends.",positive
"The candidate's articulate and thoughtful responses highlighted their deep expertise.",positive
"The candidate's high level of self-confidence and competence was evident in every answer.",positive
"The candidate exhibited exceptional clarity in explaining complex strategies.",positive
"The candidate’s innovative approach and readiness to embrace challenges were outstanding.",positive
"The candidate’s ability to provide actionable insights made them a standout applicant.",positive
"The candidate's positive energy and enthusiasm for the role were infectious.",positive
"The candidate’s exceptional presentation skills demonstrated both confidence and competence.",positive
"The candidate delivered well-structured responses that reflected significant industry experience.",positive
"The candidate’s proactive suggestions for improving processes were both creative and feasible.",positive
"The candidate’s strategic thinking and analytical skills were clearly evident.",positive
"The candidate impressed with their ability to communicate technical details in an understandable manner.",positive
"The candidate's enthusiasm for learning and growth was evident throughout the discussion.",positive
"The candidate’s clear articulation of their career goals demonstrated strong motivation.",positive
"The candidate’s strong interpersonal skills and positive demeanor were very promising.",positive
"The candidate effectively conveyed their expertise through relevant examples and case studies.",positive
"The candidate's detailed understanding of the job requirements was very impressive.",positive
"The candidate’s consistent clarity and precision in responses set them apart from other applicants.",positive
"The candidate exhibited an exceptional ability to connect theoretical knowledge with practical applications.",positive
"The candidate's positive attitude and strong analytical skills shone through during the interview.",positive
"The candidate's insights into market trends demonstrated advanced industry knowledge.",positive
"The candidate showcased excellent time management and prioritization skills.",positive
"The candidate's innovative ideas and willingness to take calculated risks were highly appreciated.",positive
"The candidate's strong technical background and problem-solving abilities were evident throughout.",positive
"The candidate impressed with their capacity to explain complex scenarios in simple terms.",positive
"The candidate’s confidence and professionalism left a lasting positive impression on the panel.",positive
"The candidate's performance was exceptional, with detailed and relevant answers to every question.",positive
"The candidate's dynamic communication skills and thorough preparation were commendable.",positive
"The candidate demonstrated a high level of expertise and a forward-thinking approach during the interview.",positive
"The candidate's practical examples and clear explanations underscored their suitability for the role.",positive
"The candidate exhibited outstanding problem-solving skills and creative thinking.",positive
"The candidate's proactive approach and well-articulated responses were highly impressive.",positive
"The candidate's deep understanding of the subject matter and articulate delivery were exceptional.",positive
"The candidate’s ability to engage the interview panel with thoughtful questions was remarkable.",positive
"The candidate demonstrated a clear passion for the role and a commitment to continuous improvement.",positive
"The candidate’s performance was marked by clarity, confidence, and a strong command of the subject.",positive
"The candidate impressed with their ability to synthesize complex information into clear strategies.",positive
"The candidate's exemplary performance and strong potential make them an ideal fit for the role.",positive
"The candidate provided clear answers, though their responses did not display additional innovative flair.",neutral
"The candidate's responses were adequate, though there was little emphasis on innovative ideas.",neutral
"The candidate provided satisfactory answers that met the basic requirements of the role.",neutral
"The candidate's performance was consistent, displaying a moderate understanding of the subject matter.",neutral
"The candidate demonstrated an average level of preparation, with responses that were neither outstanding nor poor.",neutral
"The candidate's answers were clear and to the point, but lacked a certain level of depth.",neutral
"The candidate provided an acceptable performance, meeting the standard expectations for the role.",neutral
"The candidate's responses were balanced, with both strengths and areas needing further development.",neutral
"The candidate showed a typical level of proficiency, with answers that were generally correct.",neutral
"The candidate delivered responses that were straightforward, without any exceptional insights.",neutral
"The candidate's overall performance was moderate, reflecting a fair level of competency.",neutral
"The candidate demonstrated an acceptable grasp of the key concepts, though additional detail would have been beneficial.",neutral
"The candidate's responses were adequate and met the minimum requirements for the position.",neutral
"The candidate showed a standard performance, with some answers lacking elaboration.",neutral
"The candidate's presentation was clear but did not stand out in terms of creativity or innovation.",neutral
"The candidate's performance was average, with a mix of clear and somewhat generic answers.",neutral
"The candidate provided balanced responses, though they did not offer any particularly strong insights.",neutral
"The candidate's interview responses were sufficient, but there was little evidence of exceptional expertise.",neutral
"The candidate demonstrated an acceptable level of knowledge, though their responses were unremarkable.",neutral
"The candidate’s performance met expectations, but did not exceed the baseline criteria.",neutral
"The candidate answered questions appropriately, with responses that were standard and unvaried.",neutral
"The candidate's delivery was clear and concise, though not particularly memorable.",neutral
"The candidate provided a typical performance, with answers that were neither notably positive nor negative.",neutral
"The candidate’s responses were measured and steady, reflecting an average level of preparation.",neutral
"The candidate showed a basic understanding of the role, but additional depth was missing.",neutral
"The candidate's performance was solid but did not demonstrate any particularly standout qualities.",neutral
"The candidate's answers were adequate, though they often lacked further elaboration.",neutral
"The candidate provided consistent responses that were acceptable for the role.",neutral
"The candidate’s performance was unremarkable, meeting expectations without exceeding them.",neutral
"The candidate demonstrated a routine level of competency, with standard responses throughout.",neutral
"The candidate's responses were direct and to the point, reflecting an average understanding of the role.",neutral
"The candidate performed satisfactorily, though there was little evidence of innovative thinking.",neutral
"The candidate's answers were generally correct, but they did not offer any exceptional insights.",neutral
"The candidate displayed a routine level of preparedness, with responses that were adequate but unexciting.",neutral
"The candidate's performance was stable and consistent, without any strong highs or lows.",neutral
"The candidate provided acceptable answers that met the basic requirements, though not more.",neutral
"The candidate's delivery was straightforward and clear, but lacked a distinct personal touch.",neutral
"The candidate's performance was neither particularly strong nor weak, representing a middle-of-the-road outcome.",neutral
"The candidate's responses were sufficient for a basic evaluation of their skills.",neutral
"The candidate demonstrated a common level of competence, with clear but unremarkable responses.",neutral
"The candidate's answers were precise and understandable, though not particularly detailed.",neutral
"The candidate performed adequately, with responses that were standard and unelaborated.",neutral
"The candidate’s interview was balanced, though it did not reveal any exceptional strengths.",neutral
"The candidate’s responses were typical of someone with a basic understanding of the role.",neutral
"The candidate displayed a consistent level of competence, with answers that met, but did not exceed, expectations.",neutral
"The candidate's performance was steady and clear, though lacking in creative insights.",neutral
"The candidate provided a balanced performance that met expectations without any striking highlights.",neutral
"The candidate consistently failed to provide clear answers, indicating a lack of preparation for the interview.",negative
"The candidate's responses were consistently vague and lacked the necessary detail expected for the role.",negative
"The candidate demonstrated a poor understanding of key concepts, resulting in several incorrect answers.",negative
"The candidate's performance was disappointing, with frequent pauses and unclear responses.",negative
"The candidate failed to provide adequate examples of past work, which significantly hurt their evaluation.",negative
"The candidate's inability to articulate their thoughts resulted in a confusing and unsatisfactory interview.",negative
"The candidate repeatedly gave contradictory answers, raising concerns about their competence.",negative
"The candidate showed little preparation, leading to responses that were both vague and incomplete.",negative
"The candidate's performance was substandard, lacking both clarity and depth in their answers.",negative
"The candidate struggled to address basic questions, indicating a significant gap in their knowledge.",negative
"The candidate's performance was marred by frequent errors and a lack of confidence.",negative
"The candidate failed to meet the minimum requirements of the role, demonstrating poor problem-solving skills.",negative
"The candidate's responses were unconvincing, leaving the interview panel with serious doubts about their abilities.",negative
"The candidate's unstructured answers and inability to stay on topic led to a negative impression.",negative
"The candidate showed a lack of understanding of the role, resulting in unsatisfactory responses.",negative
"The candidate's performance was weak, with insufficient evidence of necessary skills.",negative
"The candidate demonstrated significant shortcomings in both technical and soft skills.",negative
"The candidate's answers were muddled and failed to address the core questions posed by the panel.",negative
"The candidate struggled to articulate any coherent thought, resulting in a disjointed interview performance.",negative
"The candidate's lack of preparation was evident in their inability to answer even basic questions.",negative
"The candidate provided responses that were superficial and lacking in substance.",negative
"The candidate's poor communication skills were evident throughout the interview.",negative
"The candidate failed to demonstrate any meaningful understanding of the job requirements.",negative
"The candidate's responses were disappointing and did not meet the expected standards.",negative
"The candidate's performance was marked by confusion and frequent inaccuracies.",negative
"The candidate demonstrated a consistent inability to provide clear, focused answers.",negative
"The candidate's lack of engagement and preparation resulted in an overall poor performance.",negative
"The candidate was unable to effectively articulate their experience, leading to a weak interview performance.",negative
"The candidate's responses were inconsistent and failed to provide convincing evidence of their skills.",negative
"The candidate demonstrated limited knowledge of key industry concepts, which negatively impacted their evaluation.",negative
"The candidate's performance was underwhelming, with a noticeable lack of enthusiasm.",negative
"The candidate's answers were poorly structured and failed to convey competence.",negative
"The candidate's inability to relate their experience to the role was a significant drawback.",negative
"The candidate appeared unprepared and often resorted to vague generalizations.",negative
"The candidate's performance was subpar, with several noticeable gaps in their understanding.",negative
"The candidate's responses lacked the clarity and depth required for this position.",negative
"The candidate struggled to maintain a coherent narrative throughout the interview.",negative
"The candidate's repeated mistakes and lack of focus were major concerns for the panel.",negative
"The candidate provided minimal detail in their answers, which failed to impress the interviewers.",negative
"The candidate's performance suffered due to an evident lack of preparation and confidence.",negative
"The candidate's vague responses and inability to elaborate on key points led to a poor evaluation.",negative
"The candidate demonstrated a concerning lack of critical thinking and problem-solving skills.",negative
"The candidate's performance was disappointing, marked by confusion and an inability to provide clear examples.",negative
"The candidate showed little capacity for self-improvement or learning from feedback during the interview.",negative
"The candidate's responses were disorganized and often strayed off-topic, indicating poor focus.",negative
"The candidate's overall performance was unsatisfactory, with clear deficiencies in both technical and interpersonal skills.",negative
"The candidate failed to convincingly demonstrate any of the skills required for the role.",negative
"The candidate's inability to answer basic questions raised serious doubts about their suitability for the position.",negative
"The candidate's performance was characterized by a lack of clarity, resulting in numerous incomplete answers.",negative
"The candidate's responses were riddled with errors and failed to meet the minimum expectations.",negative
"The candidate demonstrated a significant lack of readiness for the interview, resulting in unsatisfactory answers.",negative
"The candidate's performance fell short of expectations, with a notable absence of critical problem-solving skills.",negative
"The candidate's interview was marked by hesitancy and a failure to articulate their ideas effectively.",negative
"The candidate's responses were muddled and lacked the clarity needed to evaluate their capabilities.",negative
"The candidate showed little evidence of the competencies required for the role, leading to a poor evaluation.",negative
"The candidate's performance was marred by persistent confusion and a significant lack of preparation.",negative
"The candidate failed to demonstrate the necessary technical and interpersonal skills for the position.",negative
"The candidate's lack of depth in their responses was a significant detractor from their overall performance.",negative
"The candidate's interview responses were unconvincing and lacked the detail needed to assess their expertise.",negative
"The candidate did not meet the fundamental expectations of the role, as shown by their unsatisfactory responses.",negative
"The candidate's performance was notably weak, with a clear failure to communicate their skills effectively.",negative
"The candidate consistently exceeded expectations by demonstrating innovative solutions during technical challenges.",positive
"The candidate's proactive communication and clear articulation of ideas impressed the interview panel.",positive
"The candidate displayed remarkable adaptability, quickly mastering new concepts during the interview.",positive
"The candidate exhibited strong leadership qualities and was able to motivate team members effectively.",positive
"The candidate's in‐depth industry knowledge and problem‐solving skills were evident throughout the discussion.",positive
"The candidate showcased exceptional technical expertise by solving complex problems with ease.",positive
"The candidate demonstrated strong analytical skills and offered innovative ideas during the conversation.",positive
"The candidate's confident demeanor and articulate responses positively impacted the interview outcome.",positive
"The candidate impressed with a well‐structured approach to problem solving and clear communication.",positive
"The candidate's deep understanding of industry trends and emerging technologies was exemplary.",positive
"The candidate exhibited strong teamwork and collaboration skills, contributing valuable insights.",positive
"The candidate effectively combined technical skills with creative thinking to deliver outstanding solutions.",positive
"The candidate's experience and passion for the role shone through in every answer provided.",positive
"The candidate's strategic insights and data‐driven approach were clearly demonstrated during the interview.",positive
"The candidate impressed with a robust portfolio and a clear articulation of project contributions.",positive
"The candidate's innovative thinking and problem‐solving abilities set them apart from other applicants.",positive
"The candidate demonstrated an excellent balance of technical acumen and interpersonal skills.",positive
"The candidate's enthusiasm and proactive approach to addressing challenges were evident.",positive
"The candidate impressed with a well‐rounded skill set and a clear vision for future growth.",positive
"The candidate's articulate responses and quick grasp of complex concepts were noteworthy.",positive
"The candidate showed exceptional initiative in discussing improvements to existing processes.",positive
"The candidate's attention to detail and strong work ethic made a positive impression on the panel.",positive
"The candidate demonstrated a clear passion for continuous learning and professional development.",positive
"The candidate's technical expertise and creative problem‐solving led to innovative suggestions.",positive
"The candidate impressed with strong critical thinking and a forward‐thinking mindset.",positive
"The candidate's effective communication and strategic mindset were clearly evident.",positive
"The candidate displayed outstanding competency in handling both technical and interpersonal challenges.",positive
"The candidate's ability to integrate complex concepts into practical solutions was impressive.",positive
"The candidate exhibited excellent time management and prioritization skills throughout the interview.",positive
"The candidate's performance in technical exercises reflected deep subject matter expertise.",positive
"The candidate showed high adaptability by quickly learning new tools and methodologies.",positive
"The candidate impressed the panel with a clear, logical approach to solving real-world problems.",positive
"The candidate's blend of technical skills and creative thinking resulted in innovative ideas.",positive
"The candidate demonstrated a high level of professionalism and confidence during the interview.",positive
"The candidate's ability to simplify complex ideas was highly appreciated by the interviewers.",positive
"The candidate showcased a forward-thinking perspective and an eagerness to drive positive change.",positive
"The candidate's in-depth technical knowledge and clear communication were outstanding.",positive
"The candidate impressed with a structured approach to both technical and behavioral questions.",positive
"The candidate displayed strong leadership potential through insightful, well-reasoned responses.",positive
"The candidate's passion for the industry and commitment to excellence were evident throughout.",positive
"The candidate impressed with a balanced mix of technical prowess and strong interpersonal skills.",positive
"The candidate's clear, confident answers and robust problem-solving skills set them apart.",positive
"The candidate demonstrated strong initiative and the ability to think on their feet during challenging questions.",positive
"The candidate's ability to synthesize information and propose innovative solutions was impressive.",positive
"The candidate exhibited a well-rounded skill set and an impressive depth of experience.",positive
"The candidate's proactive approach and creative problem-solving abilities shone throughout the interview.",positive
"The candidate impressed with a clear vision for future growth and a strategic mindset.",positive
"The candidate's confident communication and technical expertise left a lasting positive impression.",positive
"The candidate demonstrated exceptional analytical skills and a talent for innovative thinking.",positive
"The candidate's overall performance was outstanding, showcasing both technical excellence and effective communication.",positive
"The candidate provided adequate responses but could improve in clarity when discussing technical details.",neutral
"The candidate's performance met expectations, though some areas would benefit from further development.",neutral
"The candidate displayed an average level of competence, with room for improvement in communication.",neutral
"The candidate's performance was satisfactory, though additional examples of problem-solving would enhance the evaluation.",neutral
"The candidate showed potential but requires further refinement in time management and prioritization.",neutral
"The candidate delivered a balanced performance, meeting baseline expectations without exceeding them.",neutral
"The candidate demonstrated an acceptable level of competence; however, more detailed responses are needed.",neutral
"The candidate's responses were adequate but lacked the depth expected for the role.",neutral
"The candidate presented average technical skills, leaving room for further growth.",neutral
"The candidate performed at a satisfactory level, with no significant strengths or weaknesses noted.",neutral
"The candidate provided consistent answers but did not stand out in any particular area.",neutral
"The candidate's performance was neutral overall, with balanced responses that neither impressed nor disappointed.",neutral
"The candidate showed some understanding of the role, but their examples were not highly detailed.",neutral
"The candidate met the minimum requirements, although more initiative would be beneficial.",neutral
"The candidate's responses indicate a basic understanding of key concepts, though further depth is needed.",neutral
"The candidate's performance was neither exceptional nor poor, reflecting an average skill set.",neutral
"The candidate's interview responses were balanced, though additional elaboration would be useful.",neutral
"The candidate provided sufficient information, but their answers could benefit from more detail.",neutral
"The candidate demonstrated an acceptable level of understanding but did not provide compelling examples.",neutral
"The candidate's performance is adequate; further refinement in presentation is recommended.",neutral
"The candidate's responses were measured and to the point, with moderate detail provided.",neutral
"The candidate showcased an average command of the subject matter without any notable flair.",neutral
"The candidate's interview performance met basic expectations but lacked persuasive examples.",neutral
"The candidate exhibited a standard level of proficiency, with room to elaborate further on experiences.",neutral
"The candidate's overall performance was middling, demonstrating both strengths and areas for improvement.",neutral
"The candidate provided balanced feedback, though some responses felt somewhat generic.",neutral
"The candidate met the interview requirements, though more specific examples could enhance their case.",neutral
"The candidate's performance was adequate; further depth in technical explanations is needed.",neutral
"The candidate showed a baseline understanding of the role, but their responses were somewhat surface-level.",neutral
"The candidate's performance was fair, with an acceptable mix of strengths and weaknesses.",neutral
"The candidate delivered neutral feedback that met the minimum requirements without any distinct highlights.",neutral
"The candidate's performance was neither notably strong nor weak, remaining consistently average.",neutral
"The candidate demonstrated sufficient competence, though more comprehensive examples would be beneficial.",neutral
"The candidate's responses were clear but unremarkable, suggesting the need for further detail.",neutral
"The candidate met expectations by offering balanced responses that did not lean toward exceptional performance.",neutral
"The candidate's interview performance was adequate, with no significant areas of concern.",neutral
"The candidate displayed a satisfactory level of knowledge, though additional insights would enhance the evaluation.",neutral
"The candidate's performance was stable but did not offer any surprising or innovative insights.",neutral
"The candidate provided a balanced overview of their skills, though the examples were somewhat routine.",neutral
"The candidate's responses were consistent and acceptable, though more in-depth examples would help.",neutral
"The candidate demonstrated a basic, steady performance with sufficient detail to meet the requirements.",neutral
"The candidate consistently failed to provide clear answers and struggled with even basic questions.",negative
"The candidate's responses were disorganized and demonstrated a lack of understanding of core responsibilities.",negative
"The candidate repeatedly missed key points and did not show readiness for the role.",negative
"The candidate exhibited a poor grasp of fundamental concepts and relied heavily on vague statements.",negative
"The candidate's performance was disappointing, with several unanswered or poorly answered questions.",negative
"The candidate showed little initiative, often failing to provide concrete examples of their experience.",negative
"The candidate demonstrated significant gaps in knowledge and could not articulate their strengths.",negative
"The candidate's inability to handle basic technical questions raises concerns about their competence.",negative
"The candidate was unable to offer any convincing examples, leaving the interview panel unimpressed.",negative
"The candidate's performance was subpar, marked by confusion and a lack of clarity in responses.",negative
"The candidate appeared unprepared and failed to address the core requirements of the position.",negative
"The candidate struggled to articulate their thoughts, leading to an overall poor presentation.",negative
"The candidate's weak technical skills were evident in their inability to solve basic problems.",negative
"The candidate's disjointed responses and lack of focus resulted in a disappointing interview performance.",negative
"The candidate demonstrated minimal understanding of the role, providing few relevant examples.",negative
"The candidate's performance was marked by uncertainty and a clear lack of preparation.",negative
"The candidate did not offer any substantive insights and was unable to back up claims with examples.",negative
"The candidate's repeated errors and hesitations underscored a serious lack of readiness for the position.",negative
"The candidate's overall presentation was poor, lacking both depth and clarity.",negative
"The candidate's failure to adequately explain their thought process raises concerns about their problem-solving ability.",negative
"The candidate's responses were fragmented and failed to provide coherent or detailed explanations.",negative
"The candidate demonstrated a lack of critical thinking and was unable to propose viable solutions.",negative
"The candidate's answers were brief and uninformative, indicating insufficient preparation.",negative
"The candidate's performance was below expectations, with significant shortcomings in technical knowledge.",negative
"The candidate struggled to provide relevant examples, leaving their expertise in doubt.",negative
"The candidate's performance was marred by disorganization and an inability to articulate clear solutions.",negative
"The candidate appeared disengaged and offered responses that were overly simplistic.",negative
"The candidate's lack of insight and poor communication skills led to a disappointing overall performance.",negative
"The candidate's inability to handle standard interview questions reflects poorly on their competence.",negative
"The candidate's responses were inadequate, lacking both depth and meaningful detail.",negative
"The candidate's failure to demonstrate practical experience raises concerns about their suitability for the role.",negative
"The candidate exhibited a lack of confidence and could not effectively articulate their ideas.",negative
"The candidate's performance was characterized by a lack of preparedness and shallow responses.",negative
"The candidate demonstrated minimal critical thinking and was unable to support their claims with examples.",negative
"The candidate's limited responses and lack of initiative resulted in an underwhelming performance.",negative
"The candidate repeatedly provided vague and unconvincing answers during the interview.",negative
"The candidate's inability to address technical challenges in a clear manner was a major concern.",negative
"The candidate's poor performance in explaining their previous work experience was disappointing.",negative
"The candidate did not adequately prepare for the interview, resulting in numerous gaps in their responses.",negative
"The candidate's responses failed to demonstrate the necessary level of competence for the position.",negative
"The candidate's inability to engage in meaningful discussion about their role reflects significant shortcomings.",negative
"The candidate showed a lack of strategic insight and did not provide convincing examples of their skills.",negative
"The candidate's performance was characterized by weak analytical skills and a lack of initiative.",negative
"The candidate failed to impress the interview panel with their minimal technical knowledge.",negative
"The candidate's responses were unstructured and did not convey a clear understanding of the role.",negative
"The candidate's performance was unsatisfactory, marked by numerous missed opportunities to demonstrate competence.",negative
"The candidate's inability to communicate effectively and think critically led to a poor performance.",negative
"The candidate's overall approach was too simplistic, failing to capture the complexity of the role.",negative
"The candidate's performance was substandard, with a clear lack of preparation evident throughout the interview.",negative
"The candidate's inability to provide detailed, thoughtful answers resulted in a significantly disappointing interview.",negative
"The candidate demonstrated exceptional analytical skills and creative problem-solving abilities.",positive
"The candidate consistently exceeded expectations with their proactive approach and strong technical acumen.",positive
"The candidate's articulate communication and strategic insights left a lasting positive impression.",positive
"The candidate displayed remarkable leadership and team collaboration throughout the interview.",positive
"The candidate showcased innovative thinking and a clear vision for future improvements.",positive
"The candidate impressed the panel with in-depth knowledge and precise, confident answers.",positive
"The candidate effectively integrated technical expertise with creative solutions, leading to impressive outcomes.",positive
"The candidate's proactive problem-solving and data-driven approach stood out as highly commendable.",positive
"The candidate exhibited strong domain expertise and enthusiasm, resulting in a highly positive performance.",positive
"The candidate's exceptional presentation skills and technical mastery resulted in an outstanding interview.",positive
"The candidate's well-rounded skill set and clear passion for the role were evident throughout the conversation.",positive
"The candidate demonstrated exceptional creativity and critical thinking in tackling complex challenges.",positive
"The candidate's ability to quickly learn and adapt to new challenges was particularly impressive.",positive
"The candidate's strategic mindset and articulate responses contributed to a highly successful interview.",positive
"The candidate's excellent interpersonal skills and technical knowledge created a memorable interview experience.",positive
"The candidate impressed with a combination of robust problem-solving skills and innovative ideas.",positive
"The candidate's enthusiasm and proactive approach resulted in a highly positive evaluation.",positive
"The candidate showcased strong communication skills and an ability to connect ideas clearly.",positive
"The candidate excelled in delivering detailed, insightful responses that demonstrated high expertise.",positive
"The candidate's confident demeanor and thorough knowledge impressed everyone on the panel.",positive
"The candidate demonstrated an inspiring blend of technical expertise and creative vision.",positive
"The candidate's performance was outstanding, marked by clear insights and a forward-thinking perspective.",positive
"The candidate exhibited strong potential and a deep understanding of industry trends.",positive
"The candidate's precise and innovative solutions were truly impressive and inspiring.",positive
"The candidate's clear articulation of complex ideas showcased a high level of professionalism.",positive
"The candidate delivered an exceptional performance, highlighting both creativity and technical prowess.",positive
"The candidate's ability to synthesize information and propose novel solutions was remarkable.",positive
"The candidate displayed excellent command over the subject matter and impressive problem-solving skills.",positive
"The candidate's polished presentation and technical clarity were highly commendable.",positive
"The candidate impressed the interviewers with their innovative approach and strategic thinking.",positive
"The candidate's keen analytical skills and dynamic communication style stood out.",positive
"The candidate excelled at breaking down complex problems into clear, actionable insights.",positive
"The candidate's passion for excellence and attention to detail contributed to a top-tier performance.",positive
"The candidate's effective and confident responses demonstrated a mastery of the required skills.",positive
"The candidate's innovative solutions and well-thought-out strategies were particularly noteworthy.",positive
"The candidate showcased a robust understanding of technical challenges and innovative methods.",positive
"The candidate's strong problem-solving ability and creative approach left a positive impression.",positive
"The candidate demonstrated a proactive attitude and a solid grasp of critical concepts.",positive
"The candidate impressed with clear, logical reasoning and a strong command of technical details.",positive
"The candidate's articulate explanations and innovative insights elevated the overall quality of their interview.",positive
"The candidate's ability to think on their feet and present innovative ideas was outstanding.",positive
"The candidate showed strong enthusiasm and a forward-thinking approach that impressed the panel.",positive
"The candidate's in-depth analysis and strategic responses showcased exceptional skills.",positive
"The candidate's confident, articulate communication and innovative ideas made for a compelling performance.",positive
"The candidate displayed a blend of creativity, technical expertise, and strong interpersonal skills.",positive
"The candidate's outstanding performance was reflected in their detailed, insightful answers.",positive
"The candidate's ability to propose fresh, innovative ideas demonstrated impressive forward-thinking.",positive
"The candidate impressed with their comprehensive knowledge and clear, confident responses.",positive
"The candidate's energetic and innovative approach resulted in a highly successful interview.",positive
"The candidate's performance was exemplary, marked by innovative problem-solving and strong technical acumen.",positive
"The candidate provided an exceptional analytical performance, inspiring confidence in their capabilities.",positive
"The candidate's confident communication and technical expertise left a lasting positive impression.",positive
"The candidate demonstrated exceptional analytical skills and a talent for innovative thinking.",positive
"The candidate's overall performance was outstanding, showcasing both technical excellence and effective communication.",positive
"The candidate provided adequate responses but could improve in clarity when discussing technical details.",neutral
"The candidate's performance met expectations, though some areas would benefit from further development.",neutral
"The candidate displayed an average level of competence, with room for improvement in communication.",neutral
"The candidate delivered a standard performance, showing an acceptable level of competence.",neutral
"The candidate demonstrated a basic understanding of the role, with responses that were neither impressive nor poor.",neutral
"The candidate's performance met the minimum requirements, but did not stand out.",neutral
"The candidate provided clear answers, though the overall delivery was typical and expected.",neutral
"The candidate showed an acceptable level of understanding, with responses that were fairly routine.",neutral
"The candidate's performance was balanced and steady, reflecting an average level of competence.",neutral
"The candidate demonstrated consistent performance, though without any exceptional moments.",neutral
"The candidate's responses were straightforward and met the basic criteria of the interview.",neutral
"The candidate delivered adequate answers, providing a clear but unremarkable performance.",neutral
"The candidate's interview performance was stable, with no significant highlights or concerns.",neutral
"The candidate provided clear and standard responses that align with industry norms.",neutral
"The candidate's overall performance was average, with answers that were competent but not outstanding.",neutral
"The candidate demonstrated a standard level of knowledge with responses that were appropriately detailed.",neutral
"The candidate's performance was satisfactory, delivering clear answers without extra detail.",neutral
"The candidate provided a balanced performance, meeting the basic requirements of the interview.",neutral
"The candidate's responses were adequate and met expectations, though they lacked notable innovation.",neutral
"The candidate exhibited a consistent and reliable performance during the interview.",neutral
"The candidate's performance was acceptable, with clear but routine responses.",neutral
"The candidate demonstrated a moderate level of expertise, delivering standard answers.",neutral
"The candidate's interview responses were unexceptional, reflecting an average understanding of the subject.",neutral
"The candidate delivered predictable responses that met the baseline expectations.",neutral
"The candidate's performance was neither outstanding nor poor, but rather typical for the role.",neutral
"The candidate's answers were clear and competent, though they did not go above and beyond.",neutral
"The candidate showed a balanced approach, providing adequate responses throughout the interview.",neutral
"The candidate's overall performance was satisfactory, with no strong positives or negatives.",neutral
"The candidate's interview delivery was standard, meeting the basic job requirements.",neutral
"The candidate provided consistent and clear answers, reflecting a moderate level of competence.",neutral
"The candidate's performance was sufficient, with responses that were solid but not extraordinary.",neutral
"The candidate delivered a measured performance, fulfilling the interview requirements adequately.",neutral
"The candidate's responses were standard and met expectations, though they lacked any standout moments.",neutral
"The candidate demonstrated a functional level of knowledge, with balanced and clear answers.",neutral
"The candidate's performance was on par with average industry standards, with no notable deviations.",neutral
"The candidate delivered routine responses that adequately covered the expected topics.",neutral
"The candidate's interview performance was steady, meeting basic expectations without any particular flair.",neutral
"The candidate provided a typical performance with clear responses that met the interview criteria.",neutral
"The candidate's answers were standard and unremarkable, reflecting an average level of expertise.",neutral
"The candidate's performance was adequate, with responses that were both clear and consistent.",neutral
"The candidate demonstrated a baseline level of competence, offering acceptable but typical answers.",neutral
"The candidate's interview performance was balanced, meeting the requirements without exceeding them.",neutral
"The candidate delivered clear and straightforward responses that matched the expectations.",neutral
"The candidate's performance was satisfactory, offering a predictable level of understanding.",neutral
"The candidate's answers met the required criteria, though they did not exhibit any exceptional insight.",neutral
"The candidate performed adequately, with responses that were competent and to the point.",neutral
"The candidate's interview was steady and unvaried, providing answers that were sufficient for the role.",neutral
"The candidate displayed a reliable performance, with clear and standard responses.",neutral
"The candidate's performance was consistent, with a typical level of knowledge and delivery.",neutral
"The candidate provided responses that met the basic requirements, resulting in a standard interview performance.",neutral
"The candidate demonstrated a basic, steady performance with sufficient detail to meet the requirements.",neutral
"The candidate consistently failed to provide clear answers and struggled with even basic questions.",negative
"The candidate's performance was disappointing, marked by a lack of preparation and unclear responses.",negative
"The candidate struggled to articulate their thoughts and repeatedly missed key points during the interview.",negative
"The candidate demonstrated a poor grasp of the required skills, resulting in a subpar performance.",negative
"The candidate's answers were disorganized and reflected a lack of understanding of fundamental concepts.",negative
"The candidate's performance was unsatisfactory, with several missed opportunities to demonstrate competence.",negative
"The candidate was unable to provide concrete examples and relied on vague, unconvincing responses.",negative
"The candidate's inability to address basic questions raised serious concerns about their preparedness.",negative
"The candidate's performance was marked by confusion and a clear lack of technical knowledge.",negative
"The candidate repeatedly failed to meet expectations, leaving the panel unimpressed.",negative
"The candidate's responses were fragmented and failed to convey a clear understanding of the role.",negative
"The candidate demonstrated minimal effort in preparing for the interview, leading to significant shortcomings.",negative
"The candidate's poor communication skills resulted in an overall disappointing performance.",negative
"The candidate's inability to answer technical questions highlighted a major weakness in their skill set.",negative
"The candidate appeared unprepared and struggled to provide coherent, well-structured answers.",negative
"The candidate's performance was characterized by frequent errors and a lack of confidence.",negative
"The candidate failed to demonstrate the necessary level of expertise, resulting in a poor interview.",negative
"The candidate's responses were uninformative and lacked the depth required for the position.",negative
"The candidate showed little initiative and could not effectively explain their past experiences.",negative
"The candidate's performance was substandard, reflecting a lack of both knowledge and preparation.",negative
"The candidate's weak analytical skills were evident in their inability to solve even simple problems.",negative
"The candidate failed to engage with the interview questions, resulting in overly brief and unsatisfactory answers.",negative
"The candidate's performance was marred by a lack of clarity and several major inaccuracies.",negative
"The candidate did not demonstrate an understanding of key concepts and delivered poor explanations.",negative
"The candidate's inability to respond effectively to technical challenges was evident throughout the interview.",negative
"The candidate's overall performance was severely lacking in both detail and coherence.",negative
"The candidate demonstrated little to no grasp of the job requirements, leading to a disappointing performance.",negative
"The candidate's responses were so vague that they failed to convey any meaningful insight into their abilities.",negative
"The candidate repeatedly provided unsatisfactory answers that fell short of the basic expectations.",negative
"The candidate's inability to provide relevant examples highlighted significant deficiencies in their experience.",negative
"The candidate's poor performance raised doubts about their suitability for the role.",negative
"The candidate demonstrated a clear lack of understanding, resulting in an ineffective interview.",negative
"The candidate's responses were muddled and lacked any clear, logical structure.",negative
"The candidate failed to offer substantive answers, leaving the interview panel concerned about their competence.",negative
"The candidate's performance was notably weak, with a significant disconnect between questions and responses.",negative
"The candidate did not adequately prepare for the interview, which was evident in their unsatisfactory performance.",negative
"The candidate's answers were overly simplistic and did not address the depth of the interview questions.",negative
"The candidate consistently missed the mark, demonstrating a profound lack of industry knowledge.",negative
"The candidate's disorganized approach and inability to focus resulted in a very poor performance.",negative
"The candidate struggled to articulate their ideas, leading to a confusing and ineffective interview.",negative
"The candidate's overall approach was lackluster, marked by hesitation and incomplete answers.",negative
"The candidate's performance was disappointing due to a lack of technical depth and preparation.",negative
"The candidate's repeated inability to explain key concepts was a major red flag for the interview panel.",negative
"The candidate failed to provide a coherent narrative about their experience, resulting in a suboptimal performance.",negative
"The candidate's unsatisfactory responses and inability to engage with the questions were concerning.",negative
"The candidate's lack of clarity and insufficient preparation resulted in an underwhelming interview.",negative
"The candidate's performance was far below expectations, with numerous critical shortcomings.",negative
"The candidate's inability to address core technical issues led to a very disappointing overall performance.",negative
"The candidate's poor preparation and vague responses contributed to a significantly negative interview experience.",negative
"The candidate demonstrated an overall lack of competence, with responses that were both unconvincing and incomplete.",negative
"The candidate demonstrated a solid grasp of technical concepts, yet their overall execution left room for improvement.",neutral
"The candidate showed potential in problem-solving skills, although their explanations lacked necessary depth.",neutral
"The candidate's presentation was clear and articulate, but the substance of their answers did not fully address the questions.",neutral
"While the candidate was enthusiastic and showed interest in the role, they struggled with detailed technical explanations.",neutral
"The candidate's energy and drive were evident; however, their responses often lacked precision and focus.",neutral
"The candidate offered creative ideas during the interview, but their approach was inconsistent in execution.",neutral
"The candidate provided detailed answers in some areas yet failed to adequately support their claims with concrete examples.",neutral
"The candidate's interpersonal skills were commendable, though they did not demonstrate sufficient technical depth.",neutral
"The candidate's enthusiasm was a positive aspect, but the overall lack of preparedness was apparent.",neutral
"The candidate effectively communicated their ideas; however, the overall structure of their responses was disjointed.",neutral
"The candidate showed a good level of confidence, yet their answers often missed critical details.",neutral
"The candidate's willingness to learn was evident, but they struggled to articulate a clear problem-solving process.",neutral
"The candidate presented a well-organized response initially, yet the latter parts of the interview were less convincing.",neutral
"The candidate demonstrated keen interest in the role, although their technical responses were somewhat superficial.",neutral
"While the candidate answered some questions confidently, they often hesitated on more challenging topics.",neutral
"The candidate was positive and engaging, yet their answers lacked the analytical depth required for the role.",neutral
"The candidate provided insightful responses at times, though overall performance was inconsistent.",neutral
"The candidate showed initiative in tackling questions, but their responses were sometimes vague and unstructured.",neutral
"The candidate's strengths in communication were noticeable, though they did not provide enough concrete examples.",neutral
"The candidate's technical aptitude was promising, yet a lack of focus in some responses affected the overall impression.",neutral
"The candidate was articulate and well-spoken, but their answers did not always fully address the interview questions.",neutral
"The candidate displayed a good understanding of basic concepts, though their responses lacked a critical analytical edge.",neutral
"The candidate was confident and personable, but their problem-solving approach was not clearly explained.",neutral
"The candidate demonstrated some innovative thinking, yet their answers often lacked depth and clarity.",neutral
"The candidate engaged well during the interview, but their technical explanations were inconsistent.",neutral
"The candidate showed promise in communication skills, though their responses sometimes missed key details.",neutral
"The candidate was eager and enthusiastic, but their overall responses did not reflect a comprehensive understanding.",neutral
"The candidate's performance had bright moments, yet several instances of unclear explanations lowered the overall impact.",neutral
"The candidate managed to convey their ideas well at times, but their overall presentation was uneven.",neutral
"The candidate was personable and maintained a positive attitude, though their technical explanations lacked precision.",neutral
"The candidate's responses included both thoughtful insights and areas that needed further elaboration.",neutral
"The candidate was clear and expressive in parts, but overall performance was marred by vague responses.",neutral
"The candidate's approach was creative in some respects, though overall execution was not consistently strong.",neutral
"The candidate's strengths in interpersonal communication were evident, but they did not provide sufficient technical details.",neutral
"The candidate demonstrated effective communication skills, yet their responses did not always convey a full understanding.",neutral
"The candidate showed potential through creative ideas, but the clarity and depth of their answers varied.",neutral
"The candidate's performance was a mix of strong interpersonal skills and weak technical detail, leading to an overall neutral impression.",neutral
"The candidate appeared well-prepared in some segments, yet several explanations were overly brief and unconvincing.",neutral
"The candidate offered promising ideas, but the delivery of responses lacked the necessary depth to be fully persuasive.",neutral
"The candidate's enthusiasm was balanced by a lack of rigorous technical substantiation in several responses.",neutral
"The candidate exhibited confidence in verbal communication, yet the analytical content of their answers was insufficient.",neutral
"The candidate provided a mix of detailed and underdeveloped responses, resulting in a neutral overall impression.",neutral
"The candidate's ability to articulate ideas was clear, but their practical application was not consistently demonstrated.",neutral
"The candidate showcased strengths in interpersonal areas, though their responses were sometimes superficial regarding technical depth.",neutral
"The candidate delivered a series of responses that were sometimes insightful and sometimes lacking, resulting in a balanced evaluation.",neutral
"The candidate's performance displayed both competence and uncertainty, with a mix of clear and ambiguous responses.",neutral
"The candidate provided a range of responses, some well-developed and others incomplete, leading to an overall neutral rating.",neutral
"The candidate's enthusiasm was clear, but the execution of technical responses varied, resulting in mixed feedback.",neutral
"The candidate offered a balanced set of answers with both strengths and shortcomings, collectively indicating a neutral sentiment.",neutral
"The candidate's interview performance combined confident communication with gaps in technical details, creating a mixed overall impression.",neutral
"The candidate articulated their technical knowledge clearly, yet failed to provide real-world examples to support their claims.",neutral
"While the candidate appeared confident in their responses, several key points were only briefly mentioned.",neutral
"The candidate expressed enthusiasm, but did not fully explore critical areas of the role.",neutral
"Although the candidate was well-prepared in some sections, the overall explanation lacked necessary detail.",neutral
"The candidate communicated effectively; however, the depth of their answers was insufficient.",neutral
"Despite demonstrating familiarity with the subject, the candidate did not offer enough evidence of practical application.",neutral
"The candidate provided clear answers in parts, but important details were missing.",neutral
"Although the candidate's presentation was organized, it did not fully cover the nuances of the topic.",neutral
"The candidate delivered responses that were mostly clear, yet several concepts were not fully elaborated.",neutral
"The candidate showed a good understanding of the basics, but their answers lacked comprehensive insights.",neutral
"While the candidate was articulate, the explanations did not provide a complete picture of their expertise.",neutral
"The candidate's performance combined confident communication with significant gaps in technical detail.",neutral
"Although the candidate demonstrated strong verbal skills, the responses were not backed by concrete examples.",neutral
"The candidate expressed positive ideas, but the lack of depth in the discussion kept the overall rating neutral.",neutral
"The candidate delivered a structured response; however, some areas were treated superficially.",neutral
"Despite a clear and engaging communication style, the candidate did not delve into all necessary details.",neutral
"The candidate offered some insightful points, yet failed to fully develop critical aspects of their responses.",neutral
"While the candidate showed promise through clear language, the absence of supporting evidence resulted in neutral feedback.",neutral
"The candidate's answers were coherent but lacked the depth needed to make a strong impact.",neutral
"Although the candidate communicated well, the overall analysis was not comprehensive.",neutral
"The candidate displayed both strengths and weaknesses in their responses, balancing out to a neutral impression.",neutral
"While the candidate was enthusiastic and articulate, they did not provide sufficient detailed examples.",neutral
"The candidate’s performance included clear segments mixed with vague explanations, resulting in a neutral evaluation.",neutral
"Although the candidate conveyed their ideas clearly, some responses were underdeveloped.",neutral
"The candidate presented their thoughts in an organized manner, yet critical details were omitted.",neutral
"Despite an energetic presentation, the candidate's responses lacked the depth needed for a more positive evaluation.",neutral
"The candidate's communication was effective, but there was insufficient discussion of practical challenges.",neutral
"While the candidate was engaging, their overall response did not fully address all aspects of the role.",neutral
"The candidate demonstrated a basic understanding of the requirements, but the analysis was not thorough.",neutral
"Although the candidate was confident in some areas, they did not cover all necessary details in their responses.",neutral
"The candidate offered clear explanations for certain questions, but left several areas unexplored.",neutral
"While the candidate provided structured responses, the absence of critical examples resulted in a neutral impression.",neutral
"The candidate's performance was a mix of clear articulation and noticeable gaps in their explanation.",neutral
"Although the candidate communicated effectively, the overall content lacked depth and detail.",neutral
"The candidate's interview responses were balanced with both strong and weak elements, leading to a neutral outcome.",neutral
"While the candidate demonstrated potential, their answers did not fully convince due to missing details.",neutral
"The candidate's responses were clear in some parts but incomplete in others, yielding a neutral evaluation.",neutral
"Although the candidate presented their ideas confidently, the supporting information was limited.",neutral
"While the candidate's delivery was engaging, the overall substance of their answers was underwhelming.",neutral
"The candidate communicated their thoughts well but did not provide enough technical insight, resulting in neutral feedback.",neutral
"Although the candidate had moments of clarity, the responses overall were not sufficiently comprehensive.",neutral
"While the candidate's performance showed both promise and deficiency, it balanced out to a neutral rating.",neutral
"The candidate's answers were well-structured but lacked the depth to fully demonstrate competence.",neutral
"Despite clear communication, the candidate did not elaborate enough on key challenges, leading to neutral feedback.",neutral
"While the candidate expressed their ideas clearly, the overall evaluation suffered from a lack of detailed examples.",neutral
"The candidate provided an overall balanced response that did not strongly lean toward positive or negative.",neutral
"Although the candidate's enthusiasm was evident, their responses did not cover all important aspects, resulting in neutrality.",neutral
"The candidate delivered answers that combined clear communication with areas of ambiguity, leading to a neutral assessment.",neutral
"While the candidate was articulate, their responses did not fully capture the complexity of the challenges, resulting in neutral feedback.",neutral
"The candidate showed a clear understanding of basic concepts but did not elaborate on advanced applications.",neutral
"The candidate's responses were well-organized, yet lacked comprehensive detail in key areas.",neutral
"While the candidate expressed enthusiasm, the explanation of technical details remained superficial.",neutral
"The candidate delivered a coherent response, although some critical points were left underexplored.",neutral
"The candidate communicated confidently, but the examples provided were insufficient to demonstrate depth.",neutral
"The candidate's performance was balanced; they demonstrated knowledge, yet their application was limited.",neutral
"The candidate offered clear responses in some instances, but overall failed to address all aspects of the questions.",neutral
"Although the candidate was articulate, their analysis lacked the depth needed to fully assess their competence.",neutral
"The candidate provided adequate answers that met expectations, but did not exceed them in any area.",neutral
"The candidate's responses included both insightful points and notable omissions, resulting in a balanced view.",neutral
"The candidate showed understanding of the subject matter, but the discussion was missing finer details.",neutral
"The candidate's explanations were clear but did not sufficiently cover all relevant technical aspects.",neutral
"While the candidate was enthusiastic and positive, they struggled with providing detailed examples.",neutral
"The candidate's answers were structured and clear, yet they did not explore more challenging aspects.",neutral
"The candidate demonstrated basic proficiency, though the overall response was not deeply analytical.",neutral
"The candidate provided responses that were both competent and lacking in certain critical details.",neutral
"The candidate's communication skills were evident, but their examples did not fully convince the panel.",neutral
"Although the candidate explained their ideas well, they did not provide enough supporting evidence.",neutral
"The candidate showed promise in their responses, but the discussion did not cover all necessary points.",neutral
"The candidate's overall performance was adequate, with some well-articulated points and some weak areas.",neutral
"While the candidate's verbal skills were strong, the depth of technical detail was insufficient.",neutral
"The candidate presented clear ideas but failed to fully substantiate their claims with detailed examples.",neutral
"The candidate's responses were methodical and clear, yet some responses lacked comprehensive support.",neutral
"The candidate exhibited a positive attitude, though they did not provide enough technical elaboration.",neutral
"The candidate's performance was balanced, combining clear communication with gaps in detailed analysis.",neutral
"The candidate demonstrated a good understanding of the topic, but the overall depth was not impressive.",neutral
"The candidate articulated their thoughts clearly, yet their responses were not thoroughly detailed.",neutral
"The candidate's presentation was organized, but key aspects of their responses were left unexplained.",neutral
"While the candidate conveyed information effectively, the overall analysis lacked significant depth.",neutral
"The candidate's responses were well-paced, but there were noticeable gaps in technical explanation.",neutral
"The candidate was confident in delivery, yet the lack of supporting data resulted in a neutral impression.",neutral
"The candidate showed competence in basic areas, but the discussion did not extend to advanced topics.",neutral
"Although the candidate's presentation was clear, the overall evaluation did not highlight exceptional insights.",neutral
"The candidate provided a balanced response that met minimum expectations without standing out.",neutral
"The candidate demonstrated sufficient understanding, although several areas were not fully addressed.",neutral
"The candidate's responses were largely adequate, with some parts detailed and others underdeveloped.",neutral
"While the candidate communicated their ideas effectively, the overall explanation was not exhaustive.",neutral
"The candidate's performance was acceptable, but it lacked the depth necessary for a high evaluation.",neutral
"The candidate provided clear responses, though the discussion of complex topics was somewhat cursory.",neutral
"The candidate's explanations were direct, yet they did not dive deeply into the subject matter.",neutral
"The candidate showed a solid grasp of fundamentals, but did not expand their analysis sufficiently.",neutral
"Although the candidate's verbal delivery was strong, the technical details were not thoroughly covered.",neutral
"The candidate presented information clearly, yet several important aspects were left unexplained.",neutral
"The candidate's performance was balanced, offering both clear communication and notable analytical gaps.",neutral
"The candidate demonstrated effective communication, but their detailed understanding of the topic was limited.",neutral
"The candidate delivered a mix of detailed and underdeveloped responses, resulting in a balanced overall impression.",neutral
"While the candidate was engaging, their overall response did not fully address all aspects of the role.",neutral
"The candidate's responses reflected a solid baseline understanding, though advanced concepts were underexplored.",neutral
"Although the candidate's answers were coherent, some elements were only briefly mentioned.",neutral
"The candidate provided clear communication, yet the supporting examples were insufficient.",neutral
"While the candidate exhibited positive energy, the detailed technical explanation was lacking.",neutral
"The candidate's responses were clear and methodical, but did not offer a comprehensive analysis.",neutral
"Although the candidate demonstrated basic proficiency, the discussion was missing deeper insights.",neutral
"The candidate provided a clear explanation, yet key details were omitted in the overall response.",neutral
"While the candidate's performance included strong verbal skills, the overall content lacked depth.",neutral
"The candidate offered organized responses, but the analysis of complex issues was limited.",neutral
"The candidate's communication was effective; however, their answers did not fully capture the topic's complexity.",neutral
"Although the candidate's responses were articulate, the depth of their analysis was moderate.",neutral
"The candidate showed a balanced mix of strong communication and areas that needed further detail.",neutral
"While the candidate provided a clear narrative, several technical aspects were underdeveloped.",neutral
"The candidate's responses combined clear explanations with notable omissions in depth.",neutral
"The candidate demonstrated clear communication, but the overall analysis remained moderately detailed.",neutral
"The candidate delivered a structured performance, though the exploration of challenging topics was brief.",neutral
"The candidate showed an adequate level of understanding, yet their explanation lacked comprehensive detail.",neutral
"The candidate communicated ideas clearly, but their responses did not fully elaborate on complex topics.",neutral
"The candidate's performance was steady and balanced, with both clear points and areas needing improvement.",neutral
"While the candidate was confident, their responses lacked the depth required for a thorough evaluation.",neutral
"The candidate's answers were coherent and structured, yet they did not explore all nuances of the subject.",neutral
"The candidate demonstrated a basic command of the topic, but their supporting details were limited.",neutral
"Although the candidate provided logical responses, the overall explanation did not cover all critical aspects.",neutral
"While the candidate was articulate and clear, their discussion of technical challenges was somewhat superficial.",neutral
"The candidate offered a balanced perspective with both strengths and areas that needed more detail.",neutral
"The candidate's performance reflected a mix of clear communication and insufficient elaboration on complex issues.",neutral
"Although the candidate's explanations were clear, they did not include all the necessary supporting examples.",neutral
"While the candidate showed promise in their answers, several important points were not fully addressed.",neutral
"The candidate's responses were clear and understandable, but lacked the detailed analysis of advanced topics.",neutral
"Although the candidate communicated effectively, the overall detail in their responses was moderate.",neutral
"The candidate presented a mix of clear ideas and missing details, resulting in an overall neutral assessment.",neutral
"While the candidate demonstrated competence in basic areas, their responses did not extend to cover advanced aspects.",neutral
"The candidate's performance was balanced, with strengths in communication offset by gaps in technical depth.",neutral
"Although the candidate's narrative was coherent, critical technical details were not fully elaborated.",neutral
"While the candidate's responses were well-organized, the explanation did not delve into sufficient depth.",neutral
"Although the candidate communicated with clarity, the analysis of complex issues remained at a moderate level.",neutral
"While the candidate's verbal skills were commendable, the supporting technical discussion was not comprehensive.",neutral
"The candidate provided responses that were clear but did not fully address all the required nuances of the role.",neutral
"Although the candidate showed clear communication, the overall evaluation was tempered by missing elaboration in key areas.",neutral
"The candidate's answers were structured and clear, yet they failed to explore all aspects of the subject matter.",neutral
"While the candidate was positive and confident, their responses lacked the critical details necessary for a strong evaluation.",neutral
"The candidate demonstrated basic knowledge through clear answers, though the analysis was not deeply detailed.",neutral
"Although the candidate was well-spoken, the overall content of their responses did not cover all essential elements.",neutral
"The candidate's performance was a mix of clarity in communication and moderate depth in technical explanation.",neutral
"While the candidate articulated their thoughts well, the overall detail provided was only moderately sufficient.",neutral
"Although the candidate's responses were clear and well-structured, several nuanced points were not fully addressed.",neutral
"The candidate provided a balanced performance with both clear insights and notable gaps in their explanation.",neutral
"While the candidate's delivery was engaging, the overall discussion did not fully capture the complexities involved.",neutral
"The candidate's responses were clear and concise, but the level of detailed analysis was only moderate.",neutral
"Although the candidate demonstrated solid communication skills, their responses did not include enough in-depth analysis.",neutral